participant,total_correct,passed
589b7f625e63bf00013b2e5a,6,TRUE
5a0faf7a120fb3000194961d,6,TRUE
5ccff7a28c978d00177c5a71,6,TRUE
5d3a286034acef001ceb73ac,6,TRUE
5d77bc0a4503c30001c724b8,6,TRUE
5db019da07ed32001257a427,6,TRUE
5e67845c82b2ad000aade483,6,TRUE
5ea37cd0e9fb242ff94ccbc3,6,TRUE
5ea9d59f653dfc135495c2bf,6,TRUE
5ed14691e983f5067842fd20,6,TRUE
5ed22618dd85e700082b5de0,6,TRUE
5f034ecf38c5aa527d056830,6,TRUE
5f0458436e93406a91590992,6,TRUE
5f15d1e7f7fa5e0bef2dfb2a,6,TRUE
5f5cacf2f7e0494a48769448,6,TRUE
5fc11c9bf3d9a20c8b7c148e,6,TRUE
5fe0c7aac9707da1c9f069dc,6,TRUE
6006a0e65b558500093bd99c,6,TRUE
600c7f1a8f1fb83dce69b02b,6,TRUE
602045fd30812d6335768a2b,6,TRUE
6021aed9179a6c205111c3e9,6,TRUE
6048e2f185b7e35621d30427,6,TRUE
607bfa6f67c6ca6366191e04,6,TRUE
608ac7cd42222f63f6fe7e14,6,TRUE
60db6cddb719bb28127b8aa5,6,TRUE
60e1e1af0ac94b28008bbd74,6,TRUE
60e1e24c2cefa1327bb77476,6,TRUE
60e7138f06e0a3ae1cd1999f,6,TRUE
60f8b73307416902fdc94fd7,6,TRUE
5c5b1174265d6b000105a286,5,TRUE
5db74911fe9521000b21f667,5,TRUE
5e270ffbfec77b000db5e0c8,5,TRUE
5e41325ffce14d35e6da5bb6,5,TRUE
5ebc6f18c323480b94409c78,5,TRUE
5f411b4f319c2e092d469562,5,TRUE
5f47e34858dd331165bf9f00,5,TRUE
5fde6e9a0a5e7f60864cafbc,5,TRUE
6006f0de70489a0cc77d086c,5,TRUE
6027c7227d97d2051e3f7ae0,5,TRUE
602bbc4615ffd53337fff230,5,TRUE
603d4fe6945077c526f54762,5,TRUE
605f075a49892024a0e59502,5,TRUE
60c91dbd5fa1caa6ff80dcb4,5,TRUE
60cb10ff93de409c6b1a6a0e,5,TRUE
60e6044786250bdf46b10076,5,TRUE
60eea42d73cacede6b54abbe,5,TRUE
60f224f9028646d17fd7819c,5,TRUE
60fa7dd95a7f8d12df3595c8,5,TRUE
5c88483929e4730001a0082a,4,TRUE
5d3739be575c6c000151d88f,4,TRUE
5d3f12098ea9bd0018b07068,4,TRUE
5e8253cb09f1af0abf8a4508,4,TRUE
5f9beec0d30f2a000847752f,4,TRUE
5fbd300c34888307ed5c533a,4,TRUE
601e88ad14595f3039e938fb,4,TRUE
60cca61928c85ab4cb85fa71,4,TRUE
60e362be0c33ba8028e07118,4,TRUE
60f3fb012552fdfd08f73411,4,TRUE
57192acd2090bb0012160826,3,FALSE
5a245711e9d5ec00010b35a1,3,FALSE
5d8aa1e3eab19600163d9ab7,3,FALSE
5e39492fa6df4615a8e3dcdb,3,FALSE
5e54e53a89d7ad4eac4f625c,3,FALSE
5ea8176676434f02a39db063,3,FALSE
5f6de78d1eba7b286dc64ca6,3,FALSE
5f773f5c429e260d39fa39e8,3,FALSE
5fba72b83109906e0316581f,3,FALSE
5fbfc811235b1d1533a892eb,3,FALSE
601877c981502e122f78a3b7,3,FALSE
602e364ccb3b6f928c4d031d,3,FALSE
60a7b6524be5c3b709595638,3,FALSE
60ba5c64da347526df962a2f,3,FALSE
60d163c124c1ccb0b97c3367,3,FALSE
60dc18e21694539ca0df125a,3,FALSE
60dfcb70b6cede357105e6ed,3,FALSE
60ec594ed83f53ef48680356,3,FALSE
58dd1fdb85527a000101ffaf,2,FALSE
5be76184b863d70001604e3b,2,FALSE
5e737b8ff23ae12d7c4785b5,2,FALSE
5e83ef392598d4150e660052,2,FALSE
5e923668429c2b57b937c373,2,FALSE
5ee7ad8b0e830a0659ee09bf,2,FALSE
5ee7bc5079ca99085e85f0ff,2,FALSE
5f1b5c4eff5fe735544f60fd,2,FALSE
6062ee5cc6b95aae21bc7c02,2,FALSE
60d1c1c7f6925662a94ab92c,2,FALSE
60ddcd80bbeb3c7f8958f6bf,2,FALSE
60f4982cfa24569b78accf9c,2,FALSE
578568e525cb710001288d95,1,FALSE
598815c1e684850001dfdd8e,1,FALSE
5b28c29b2bc7780001c23000,1,FALSE
5c8becf18f5b6400158e1214,1,FALSE
5dafea4de40355001651fa2f,1,FALSE
5edb94e221e63281f43e8559,1,FALSE
5f66363877c78d1f9dc318bc,1,FALSE
5fd266c5ef8b93000a76fad8,1,FALSE
6068e170edc6afe183f9c245,1,FALSE
609cde98211daa6f6dee4e58,1,FALSE
60b651001e68c8d9f46eedcc,1,FALSE
60cc8e40d47f4f5509104323,1,FALSE
60f7da3cfc0813737c408ce3,1,FALSE
60fa14aff2439dfc65f03522,1,FALSE
60fa98c6b93b6665995e235d,1,FALSE
5c45ad3793f3690001c46767,0,FALSE
5c516471ba50dc000186486c,0,FALSE
5c6d4210a2b39a0001691764,0,FALSE
5c74d6a50b33c80001323744,0,FALSE
5d4973d3f3773b0015911eca,0,FALSE
5e674f3c245db24bd1568975,0,FALSE
5e74a7d25247df000bebfba2,0,FALSE
5e8f36fdc38d4a20bde6b6c9,0,FALSE
5e907ee26870110009e83705,0,FALSE
5eb5237ede8a2a3a793eaa17,0,FALSE
5ef1da4dd453ee085dc4bc1c,0,FALSE
5efb5159147ea4089af8685d,0,FALSE
5f27df9a9858eb0008fd7aa3,0,FALSE
5f28221bb87bb70bb9731f2c,0,FALSE
5f5db79ce610d96177840daf,0,FALSE
5fd6197faec6644af7b0bfdd,0,FALSE
6000142696d3bf1af8b74849,0,FALSE
600a9ab59e9b701db49fbec1,0,FALSE
6014e16b6515752ddfe51263,0,FALSE
6033b2f0a9c5a7096d83b60b,0,FALSE
60547a91cc6369dd7d794d4d,0,FALSE
60ae40f30626d1f910a4f27f,0,FALSE
60d1c40555cffd8ba5a3587e,0,FALSE
60d336457da539b0a93cb7d3,0,FALSE
60d360d3d604e89a278962cd,0,FALSE
60ddc4cc0a3f074060092937,0,FALSE
60ebfe27c5188a2a23e37c5c,0,FALSE
5c6c4a9a0f4c6a0001c7d24e,NA,NA
5e81cd3de28dab8c8a5e3dda,NA,NA
5e95d54c53784a0297c22d72,NA,NA
5e9d97a472afd408a11b1e62,NA,NA
5ebd3bbcecfc7d00085d0f9e,NA,NA
5ed7f3404ea9bd2e0ad02df6,NA,NA
5ed8e72416627f40d066278f,NA,NA
5f3714657b2a7d18f42f7316,NA,NA
5f4699e88ed08d02e65b2240,NA,NA
5f7b0056256971022889a48f,NA,NA
5fbc49e74ad3fe10a9fd5108,NA,NA
5fc7c9b1cdee390788e073d9,NA,NA
6026944b7f3b5d347dd3c6f7,NA,NA
6033a37c5dedbf068d86edc5,NA,NA
604ac20259d2ef8b68a77d63,NA,NA
605f143dca6594d109a9ab40,NA,NA
60d4a408af8c59dd9a436004,NA,NA
60e4c15e2016f8da7814f75e,NA,NA
60e60379a435530f528803a9,NA,NA
60ecbc6580bdf7dde933726e,NA,NA
